{
  "final_epochs": 10,
  "final_threshold": 0.15,
  "acc": 0.9925925925925926,
  "bad_recall": 0.9714285714285714,
  "bad_precision": 1.0,
  "bad_fbeta": 0.9770114942528735,
  "tp": 34,
  "tn": 100,
  "fp": 0,
  "fn": 1,
  "beta": 2.0,
  "target_recall": 0.9,
  "model_path": "/content/drive/MyDrive/defect_cv_with_final_test/final_resnet18_512_with_holdout_test.pth",
  "elapsed_sec": 77.16992282867432,
  "num_test_samples": 135
}